{"gender": -0.0021321961620468623, "SeniorCitizen": 0.0020255863539446195, "Partner": 0.0001066098081023814, "Dependents": -0.003980099502487516, "tenure": -0.002203269367448424, "PhoneService": -0.0033404406538734164, "MultipleLines": -0.00358919687277891, "InternetService": 0.01126510305614789, "OnlineSecurity": -0.0015636105188343407, "OnlineBackup": -0.0035891968727789158, "DeviceProtection": -0.004193319118692218, "TechSupport": -0.0027363184079601476, "StreamingTV": -0.002736318407960159, "StreamingMovies": -0.0034825870646765624, "Contract": 0.01908315565031988, "PaperlessBilling": 0.00031982942430707764, "PaymentMethod": -0.005899076048329732, "MonthlyCharges": -0.011336176261549352, "TotalCharges": -0.009665955934612586}