{"num__SeniorCitizen": 0.003907263891294161, "num__tenure": 0.055078845428891375, "num__MonthlyCharges": 0.01987806649436803, "num__TotalCharges": 0.03403543122379749, "cat__gender_Female": 0.0025757561676291243, "cat__gender_Male": 0.0024863594317753694, "cat__Partner_No": 0.003326815273189654, "cat__Partner_Yes": 0.0035692578229043815, "cat__Dependents_No": 0.005265534203030438, "cat__Dependents_Yes": 0.005465092943770872, "cat__PhoneService_No": 0.0013413912053871076, "cat__PhoneService_Yes": 0.0010558210638265655, "cat__MultipleLines_No": 0.0047190599581048145, "cat__MultipleLines_No phone service": 0.0011468779032457331, "cat__MultipleLines_Yes": 0.004411436294418843, "cat__InternetService_DSL": 0.01678338216754244, "cat__InternetService_Fiber optic": 0.03992614314964034, "cat__InternetService_No": 0.005696605960717124, "cat__OnlineSecurity_No": 0.036382563798242284, "cat__OnlineSecurity_No internet service": 0.005552417270583264, "cat__OnlineSecurity_Yes": 0.010657493451892885, "cat__OnlineBackup_No": 0.011580853021193395, "cat__OnlineBackup_No internet service": 0.003420311285044874, "cat__OnlineBackup_Yes": 0.005123938026603895, "cat__DeviceProtection_No": 0.005143042355817502, "cat__DeviceProtection_No internet service": 0.003466182977903304, "cat__DeviceProtection_Yes": 0.0014406128237034962, "cat__TechSupport_No": 0.027820871921995807, "cat__TechSupport_No internet service": 0.005056346708223889, "cat__TechSupport_Yes": 0.008162680792150762, "cat__StreamingTV_No": 0.0052313344702447, "cat__StreamingTV_No internet service": 0.006249512034681666, "cat__StreamingTV_Yes": 0.006643413141680034, "cat__StreamingMovies_No": 0.0039151395158645574, "cat__StreamingMovies_No internet service": 0.008307196663123394, "cat__StreamingMovies_Yes": 0.005664417501323023, "cat__Contract_Month-to-month": 0.0791403120736751, "cat__Contract_One year": 0.011672079257922557, "cat__Contract_Two year": 0.03651472251431189, "cat__PaperlessBilling_No": 0.009249473836818433, "cat__PaperlessBilling_Yes": 0.007246955802208559, "cat__PaymentMethod_Bank transfer (automatic)": 0.004167999197715227, "cat__PaymentMethod_Credit card (automatic)": 0.003309268272155423, "cat__PaymentMethod_Electronic check": 0.02446839183982029, "cat__PaymentMethod_Mailed check": 0.0025165678927139726}