{"gender": 0.000390902629708606, "SeniorCitizen": -0.00024875621890546595, "Partner": -0.0012437810945273575, "Dependents": 0.0020255863539445696, "tenure": 0.01606254442075338, "PhoneService": 3.55366027007864e-05, "MultipleLines": -0.002736318407960181, "InternetService": 0.01218905472636817, "OnlineSecurity": 0.007071783937455589, "OnlineBackup": -0.0012437810945273465, "DeviceProtection": 0.0008173418621179928, "TechSupport": 0.0023454157782515916, "StreamingTV": 0.0009950248756218972, "StreamingMovies": 0.0008884150675195435, "Contract": 0.01990049751243781, "PaperlessBilling": 0.007924662402274352, "PaymentMethod": 0.0038734896943852294, "MonthlyCharges": 0.006467661691542281, "TotalCharges": 0.0035536602700781796}