{"num__SeniorCitizen": 0.004318410676929586, "num__tenure": 0.04967517855452138, "num__MonthlyCharges": 0.01636516816657614, "num__TotalCharges": 0.02935567884469471, "cat__gender_Female": 0.001968892487738471, "cat__gender_Male": 0.0019762327575640177, "cat__Partner_No": 0.0025135591164911824, "cat__Partner_Yes": 0.002218724679205131, "cat__Dependents_No": 0.003709597997824743, "cat__Dependents_Yes": 0.003741834279517747, "cat__PhoneService_No": 0.001134446443384107, "cat__PhoneService_Yes": 0.001116426787652316, "cat__MultipleLines_No": 0.00420933034043744, "cat__MultipleLines_No phone service": 0.0014022793621140564, "cat__MultipleLines_Yes": 0.005415135668560747, "cat__InternetService_DSL": 0.013080308426286066, "cat__InternetService_Fiber optic": 0.03712241217757108, "cat__InternetService_No": 0.0033971495575813105, "cat__OnlineSecurity_No": 0.028796791210882557, "cat__OnlineSecurity_No internet service": 0.0037807402908168275, "cat__OnlineSecurity_Yes": 0.00814197582200633, "cat__OnlineBackup_No": 0.011223254222508182, "cat__OnlineBackup_No internet service": 0.0032424079708883702, "cat__OnlineBackup_Yes": 0.004116882966699134, "cat__DeviceProtection_No": 0.004647237563644112, "cat__DeviceProtection_No internet service": 0.002776673666607741, "cat__DeviceProtection_Yes": 0.0011745737817289049, "cat__TechSupport_No": 0.023037436656352064, "cat__TechSupport_No internet service": 0.002816973367611595, "cat__TechSupport_Yes": 0.006394934905461226, "cat__StreamingTV_No": 0.004218514348998268, "cat__StreamingTV_No internet service": 0.003949229549482641, "cat__StreamingTV_Yes": 0.005564271687074241, "cat__StreamingMovies_No": 0.0032375709222238307, "cat__StreamingMovies_No internet service": 0.006249437518835885, "cat__StreamingMovies_Yes": 0.004094293461531205, "cat__Contract_Month-to-month": 0.0573192362825919, "cat__Contract_One year": 0.0067229723903052705, "cat__Contract_Two year": 0.021444692614891986, "cat__PaperlessBilling_No": 0.006959797005447964, "cat__PaperlessBilling_Yes": 0.006319656015010958, "cat__PaymentMethod_Bank transfer (automatic)": 0.002301743959372602, "cat__PaymentMethod_Credit card (automatic)": 0.0018960761290952814, "cat__PaymentMethod_Electronic check": 0.022025721829975104, "cat__PaymentMethod_Mailed check": 0.0013595162048881599}